date,inrisk_17,inrisk_43,inrisk_08,inrisk_25
2020-02-15,1.062983428843778,0.7162864679444206,0.5106411802242523,0.3043722633156611
2020-02-16,0.8659552815379954,0.5521316416834748,0.4904183785653979,0.2241448896616374
2020-02-17,0.7432553250068713,0.5536131542843692,0.4625183283953022,0.23210317773548805
2020-02-18,0.7801004303818155,0.5811976416140969,0.49580431557820054,0.2423679231505781
2020-02-19,0.7645204505664812,0.5981496528389849,0.5223888305880462,0.25120140059649687
2020-02-20,1.066638731670093,0.7708874374116503,0.6141592991674831,0.3211222936753574
2020-02-21,1.7542780855620477,1.313416783906493,0.7755747597098634,0.6046845301958191
2020-02-22,2.0611682514151455,1.546424139611824,0.9250994369482146,0.5600479201876433
2020-02-23,1.764888619783492,1.1827742891126118,1.7295029599121459,0.4758979476676508
2020-02-24,1.6344327594752543,1.2848294640991285,1.9089417523521643,0.5358743277071926
2020-02-25,1.8798354356389508,1.4868785665547846,2.1519494778488286,0.6077263325477035
2020-02-26,2.2145708256341026,1.825887571124086,2.4027421067625943,0.8143283853621623
2020-02-27,2.4223351572997114,1.9854037088453482,2.9916358175141187,1.0507668053808341
2020-02-28,3.995507316927842,3.136462637776296,3.9017109299188166,1.5910226912852743
2020-02-29,4.4429439550917635,3.2602381517579957,3.291688946789351,1.3497946519426158
2020-03-01,4.9153276227011125,3.6167665743251964,6.896097693481661,1.6440647644066142
2020-03-02,5.576650102548485,4.729918039423429,7.320966731716785,2.1533345088333946
2020-03-03,6.9852554959596285,5.909163228548058,9.178013102490974,2.883587573363946
2020-03-04,9.401145564230648,7.922437915834995,12.647791658817168,3.5663468457922427
2020-03-05,12.421164285975438,10.485048285724817,17.25509875818243,4.884831207575912
2020-03-06,21.06210239930261,17.308401226096624,22.463024189509486,8.4882843008093
2020-03-07,30.155056688193863,21.923320959312097,24.06155238503144,9.235816895674812
2020-03-08,28.477760363875582,21.226436355223434,42.33626447179067,10.111514264413362
2020-03-09,33.89198144497286,28.021935250568756,43.148406171009285,11.677993199504673
2020-03-10,47.21875412578129,38.29346659428815,52.15591261193611,16.52993826495721
2020-03-11,58.783446458951964,47.92215642679976,61.14052810800023,20.426180160470796
2020-03-12,76.9935743489468,63.03681110910909,74.86133435360456,27.326950841168532
2020-03-13,102.08178222612864,84.45085744230259,83.96789473182636,34.05262234108128
2020-03-14,62.49078389779817,48.005293747769805,55.604744276494614,16.450848566529828
2020-03-15,42.64189974053411,29.892981967049487,57.873570153454395,12.512410821760751
2020-03-16,86.65960204745105,69.49720026560034,87.36213531489939,29.673954720633883
2020-03-17,94.13577471508242,78.33394454113943,99.1612784536879,35.67145984254841
2020-03-18,104.68849982672216,86.53041500122927,110.32295141826785,39.16705717799567
2020-03-19,115.41921948562457,89.9744101022872,114.37350401811977,41.69782366964898
2020-03-20,118.55426063620101,93.73656232697243,114.32645214487803,42.741231296221606
2020-03-21,68.12528515955277,47.50144725005253,57.9059069919796,17.836943026144837
2020-03-22,55.20306714495364,36.178391867405,57.978338097775584,15.877647608968198
2020-03-23,124.48082148695758,105.53855890793005,139.8935397891773,53.37236940445322
2020-03-24,135.0420538430031,114.34200734942092,157.4335929804038,57.42312206322432
2020-03-25,136.69387927988384,112.45325911162736,156.6951745533802,53.6657190662905
2020-03-26,140.5563238991998,113.49771246189,158.96546374362427,56.862175075370175
2020-03-27,138.2411741672915,108.66176937733997,147.754893066134,53.58392311931382
2020-03-28,78.76658589673984,50.53102189256869,73.03859791265808,23.372511077010742
2020-03-29,60.987938864534456,42.764505674166564,67.97791132834747,19.17423152461383
2020-03-30,106.1843211600318,89.13715085859322,126.78202224861957,47.768704305439435
2020-03-31,110.55245205775441,83.68297110089426,128.66872041289804,47.413437704202586
2020-04-01,99.91795732218404,81.76673118067393,126.54168334832555,42.79113008082027
2020-04-02,105.10542231872823,83.08205933141777,128.34101192409184,45.07347915619095
2020-04-03,102.47617012181485,78.24824949492616,117.89854702115504,40.32698845539035
2020-04-04,64.09883112849788,41.18472823719661,64.08046226066773,19.301286736530137
2020-04-05,50.141158677462094,31.581261795214193,56.52264298813463,15.831183162290891
2020-04-06,89.80548174343356,71.69457610421594,110.97667436950354,39.41776003332868
2020-04-07,88.95116631134792,70.48911978517656,113.92989335578348,40.145689612866434
2020-04-08,87.39688438633499,71.84756045950255,111.54910425931172,40.148241644437654
2020-04-09,82.86657868172419,63.15661420572473,99.51638951787774,32.75888245170975
2020-04-10,51.327491351394734,30.230168815216718,50.470803885820665,15.926507756746926
2020-04-11,50.815185628311156,34.20410324570985,56.13427957508065,16.56509555226166
2020-04-12,43.43653373407306,25.07115973518815,41.48215200804067,10.309461985159173
2020-04-13,45.323061663138795,28.941463990956088,56.60479201235581,16.114992306280268
2020-04-14,87.11785382213544,69.53110654327175,112.96410336521302,35.53394982076336
2020-04-15,89.22660007457627,69.44493505613863,113.46655112752579,35.305309098212355
2020-04-16,85.54512034907711,70.28952402452073,112.21154725089183,35.498954285634
2020-04-17,81.85639434072618,64.64667159375753,103.47813277835925,32.544076660558375
2020-04-18,45.54808082458668,30.503381163102027,50.760036479058186,11.973207934706558
2020-04-19,29.60355314765726,19.888878545560523,40.108572945338246,7.966338174566916
2020-04-20,69.94171656309769,55.217744492520104,91.47133073042531,26.97821626060109
2020-04-21,66.74918108483273,51.51426884452343,90.91122171850145,25.261138885352807
2020-04-22,63.98737679171119,49.61656552753098,83.06828429246471,24.66452253650799
2020-04-23,61.324801252216474,47.06306982818208,84.31304010454818,21.160716012421528
2020-04-24,53.52368321459074,40.381669447680046,74.04054774433762,19.30054012439076
2020-04-25,28.09382126896733,17.52431554431997,36.163567212162405,7.6692161797423655
2020-04-26,19.68736292601022,11.241271839321765,27.708631686741754,5.278370057645228
2020-04-27,41.031730567496155,31.320852077278733,60.699708750344584,15.150980977107995
2020-04-28,37.56988002286283,29.731168953637948,57.889181574596755,15.35324004911393
2020-04-29,31.955554973187343,26.91009691197518,51.52680655679187,14.233418957289537
2020-04-30,30.64563951598002,22.777334806727197,42.25211093708419,11.943864123789732
2020-05-01,12.669292536368815,8.161403571021426,16.89322778588795,4.371853997449072
2020-05-02,14.248382875011146,8.835602345639689,16.314350624257433,4.408051367232073
2020-05-03,11.071615289702216,6.898514928718404,15.137301849567123,3.767861418359783
2020-05-04,22.287405343253376,18.34610658280431,33.5047524464539,11.33906760094614
2020-05-05,23.530541672598925,18.50847613830295,32.60382113425918,11.269721756885659
2020-05-06,19.466894410639505,15.749024194417355,28.033545077572708,9.371024271456353
2020-05-07,17.2145312866067,14.382815185348264,25.49333519160136,9.368274234616552
2020-05-08,15.430918773883096,12.670475785866033,21.081589422260734,8.24375040483035
2020-05-09,8.18903602049828,6.289679022949402,10.608576341922248,4.0692224874024925
2020-05-10,5.79369566706148,4.048196797146412,9.296410469440206,2.7367395255935736
2020-05-11,14.698777351948229,12.346416515863154,22.19153628102849,8.019166335309421
2020-05-12,14.762221069290062,12.889412912409288,24.11723429021687,8.811983249879928
2020-05-13,16.06486555744459,13.29236882943832,25.368541585153537,9.000162829454853
2020-05-14,14.936022504383761,12.762119237533913,26.207664239415585,8.787836476578951
2020-05-15,15.712396947298913,13.541283360053724,26.537077214162302,9.459597462309716
2020-05-16,8.502096966512623,6.646321660509554,12.908199720305275,4.519632526529533
2020-05-17,6.923580557495076,5.156057981486576,11.76380822021579,3.7298210775046763
2020-05-18,17.425813681455445,14.884425472694279,32.75026222487846,9.543308163987051
2020-05-19,19.89806721075214,16.91215097108012,35.207234171793075,10.772996082130595
2020-05-20,20.73815942762405,19.057803356126918,37.251377245351335,11.659678254559354
2020-05-21,23.121131419282584,20.61491227995304,39.2571863180143,11.359842416333798
2020-05-22,25.018787800559636,22.53316896914777,39.86523171429278,11.85471344826521
2020-05-23,17.68484488688207,13.110178745699672,23.838346680697985,6.866198110698806
2020-05-24,14.521639212572309,10.768332172845053,21.350215667254975,5.271451040192076
2020-05-25,27.55077718660472,24.76941008593805,44.12580729999304,12.003159384383292
2020-05-26,28.609565221421644,26.73495352628203,44.32952707139572,12.433298598922198
2020-05-27,30.08969071237893,25.22238850002627,44.29487106560922,12.593002043767697
2020-05-28,30.86881323790342,25.208311968937586,44.91374115164309,12.009456722705517
2020-05-29,30.724969230502087,25.968300174798838,41.731683955519635,11.4282033119335
2020-05-30,21.044714566175735,16.0883908533869,25.088347240360026,5.984042866472093
2020-05-31,17.33593293610668,12.69409487102826,24.17805044631603,5.121899227073807
2020-06-01,26.47859803509304,21.049695967064473,37.4761165746012,9.597535034395873
2020-06-02,27.771207138261936,22.442051785919666,43.40982484551929,10.8137364639376
2020-06-03,27.129092667123672,22.1396137243913,42.380879942085116,10.00568290519251
2020-06-04,26.48501974499214,21.810253903196884,43.13117052623861,9.599272313825672
2020-06-05,25.135771938704053,21.565918069566575,42.96600016758601,9.335243128664704
2020-06-06,17.839280758612787,13.495369529032235,29.15976988136125,5.601395945358176
2020-06-07,11.414994133589397,7.805121478714656,22.124661702951354,3.6374612952375127
2020-06-08,20.406085665167453,17.932721335244416,40.21588729128724,8.604380019351478
2020-06-09,20.13650162226754,18.01545905723454,38.58891982842986,8.437916362954345
2020-06-10,19.716110842366383,18.093370090396373,38.25116496567495,7.948756271736348
2020-06-11,19.473041351305923,17.474291620352705,36.32195448545164,7.269927388774089
2020-06-12,19.635764921799524,18.290271833424093,35.81393315986274,7.568839138120334
2020-06-13,14.978438499811922,11.751609953557695,24.25719924404558,4.6426279817294045
2020-06-14,12.627635253381273,9.425962492494934,24.364939120732572,3.8048461489730263
2020-06-15,18.72788946991023,16.839299046244154,36.3768854921133,7.426688813793926
2020-06-16,17.911400938494204,15.715095713643764,30.666498680797996,6.704999121357633
2020-06-17,17.96208022855456,16.428638548183866,30.398497459056898,7.172385783109042
2020-06-18,17.98939981717188,17.507412117682332,29.366229773189005,7.390848563414917
2020-06-19,24.875557233881757,25.119971592595952,30.00256008305487,10.074396761615596
2020-06-20,26.84197790173154,27.05777319752573,28.683153721879307,9.529477285772623
2020-06-21,23.75607819950169,23.474777296954738,42.07119786623121,9.74573555090965
2020-06-22,22.68861811053134,24.981292936922763,37.04684809147251,16.60849255494776
2020-06-23,31.03925471559194,36.64327766324418,35.281913488397215,17.815963612008428
2020-06-24,21.824708945627556,25.105173809433904,45.81053538495148,17.91325819761624
2020-06-25,23.332882190997076,27.41133246025384,44.69427926021134,21.61844697844116
2020-06-26,37.12829210012446,46.32847011383308,47.84450778011077,26.80218423570525
2020-06-27,39.77507248639741,51.494517573603176,56.53591738204547,23.780052862421446
2020-06-28,31.552649290440524,41.01258010186242,93.31137068073915,17.09908753440898
2020-06-29,25.6286261316287,33.69654987494179,59.22667152406468,25.56416933466797
2020-06-30,26.27547469593326,32.822447524598836,57.615472196641285,28.34559817988115
2020-07-01,31.978738365313596,41.53152322741544,67.75323903917507,31.119155696421757
2020-07-02,34.43623480033051,44.39949676365102,74.62003435696575,30.7635020491521
2020-07-03,52.02375409708254,74.33030393887428,80.66961651891415,32.805293470195025
2020-07-04,62.123681358110304,75.25296101079303,87.5108286421753,24.34563404952351
2020-07-05,47.752461381024794,48.27218597682284,135.30205592394282,16.159071529240528
2020-07-06,42.563799228688744,51.284781087410586,105.79945186933337,27.75792312885795
2020-07-07,46.68730203517277,54.22594513796251,103.322193495321,28.128485194472624
2020-07-08,52.44569120768166,58.591305314935624,113.8839875603474,25.949823607747902
2020-07-09,59.403265765582184,67.31536841063836,131.8459440628516,27.94132013862652
2020-07-10,99.88852209183553,111.57572429057757,142.52458037988407,35.02811554801653
2020-07-11,115.21683353339975,112.08355841044651,145.20445471173184,28.661270623889504
2020-07-12,90.95200097731117,93.37223341104482,262.41219909406044,22.93647606371176
2020-07-13,79.04985105383126,88.82187739860682,179.25044816738577,36.464062285620194
2020-07-14,89.16411745687618,99.1921180330582,186.9669045910023,42.705746174754594
2020-07-15,99.50129060015082,112.5825082374644,209.04238467887347,51.3864623330872
2020-07-16,116.25178516674475,123.4493456964505,222.39753739699705,55.708071815453295
2020-07-17,194.99244621667341,214.73889462491388,236.19093712834254,74.89001239381284
2020-07-18,220.0601958244036,197.5288181853216,228.04922504015553,56.51093207071967
2020-07-19,171.0664227134472,164.04039198556842,398.96502594976386,44.7335024285326
2020-07-20,157.59215619086697,169.2767321120403,279.37175333167943,76.4272621990553
2020-07-21,172.97523843875828,171.3867752992937,268.31756376154794,83.60789424481608
2020-07-22,179.92129418714697,191.9348818836688,285.4118628250109,91.01982468856464
2020-07-23,204.66168326059648,210.2493374731498,305.28516435142706,96.182190013434
2020-07-24,301.7851754448182,333.42667701649134,298.4273190608087,116.6039884801252
2020-07-25,337.85692499062776,325.60812600271464,283.64460237097256,99.50972733126463
2020-07-26,252.36324730993405,237.22168076363502,454.388738133973,74.36273304344765
2020-07-27,226.53539229535266,224.5542122832618,315.77911846164534,108.8846869472269
2020-07-28,230.67991258169263,232.43661047433199,299.28742125708794,109.14539632293824
2020-07-29,246.1333410692249,237.2428071477328,310.01126059559004,114.67140002913378
2020-07-30,257.77301012938153,252.26725199495843,322.4568334755277,122.00160462640187
2020-07-31,364.02228717619,392.5532184784446,319.9130004316955,142.1920055563379
2020-08-01,417.976158264541,406.62056661472167,297.4139189730516,130.94317284899634
2020-08-02,319.5904191857403,293.55252020242307,415.46033510566224,105.12445470369424
2020-08-03,287.4646562497898,276.13373614252146,298.9470887641251,130.23312299461728
2020-08-04,278.2087955492247,266.0710194817511,279.59183667375237,133.26537339394173
2020-08-05,300.76048797614493,268.35931463278445,287.4074031658461,135.04187274898547
2020-08-06,312.7023430893094,272.39180853699605,297.3785398808803,134.13444551798247
2020-08-07,383.1218040858144,387.39255415646625,299.65716867638406,159.58735031269364
2020-08-08,431.0790538296994,382.4094778326466,286.2707948077817,134.6542032053218
2020-08-09,342.1323230616383,294.3839473167344,372.98377556209044,116.26829560458312
2020-08-10,344.74891712692556,301.96685488918655,308.23244094009635,153.06935739414098
2020-08-11,340.42359592086655,276.94004618642407,295.51008420468685,149.98488461345985
2020-08-12,327.72908767399775,280.05446251676244,301.84193489391106,140.08391251461342
2020-08-13,333.0387309696234,292.8978251533009,323.1683934574819,142.84591745277106
2020-08-14,396.84704052497415,385.1945961958696,336.86621551548933,159.85339987229455
2020-08-15,444.7947957717815,380.76912630121706,355.5547926571765,139.3671328576754
2020-08-16,336.13778436435274,277.37619660697766,467.07705003283877,128.21886429390588
2020-08-17,366.3487123846864,311.65347989136825,381.39142983709337,152.84771164523414
2020-08-18,334.792372500719,276.7451039717008,355.2116825224365,142.61215148241573
2020-08-19,353.94678915500117,288.43859119392846,384.5982451315967,143.5389430078599
2020-08-20,368.83921716189803,310.4316121964759,424.90132158544606,144.58236833308624
2020-08-21,425.2200742057277,384.8308049550859,450.8318538638785,164.23187584355796
2020-08-22,429.3747735758822,363.04435472943044,464.57342378111997,143.32198966315408
2020-08-23,324.8518244957726,279.8111669018103,623.1332499923867,131.97305311711872
2020-08-24,317.6441011560106,287.5238689947991,467.35281501819634,140.6867263264298
2020-08-25,327.42983709883424,277.8981118838003,437.12271818354,137.5024554573009
2020-08-26,335.69845394254776,281.9784119767608,460.15083480469394,141.73652684579127
2020-08-27,335.6782603806026,290.27851803498004,495.69140107525953,139.14720043523886
2020-08-28,365.4146900505283,346.42714608220734,500.96817537278355,153.0904138657198
2020-08-29,262.6411174215076,262.31345211459126,442.8402323652396,109.44524504850219
2020-08-30,219.2055459937596,227.26564912824566,634.3393993156011,117.21882868353015
2020-08-31,257.16095989305023,235.6722081119905,526.7315873759904,135.9285692010024
2020-09-01,248.2491816103401,234.42518824887946,443.6370452550432,128.09301585549602
2020-09-02,249.39261418953706,232.54002793228557,428.0414470804734,126.14309120861805
2020-09-03,260.31798871370165,243.96460340528452,433.4875278348723,127.36343037175209
2020-09-04,392.01826385151793,360.7984503547874,447.8232569321923,153.95511456578052
2020-09-05,391.7472517851209,317.6494011763544,462.20726337208936,137.71426290735104
2020-09-06,248.02041434184264,232.874020368014,691.6663306306731,117.85430038014373
2020-09-07,215.63479407786107,213.1533500442884,467.4459118875223,122.47649822308895
2020-09-08,215.59756437383567,207.21680314156345,431.0426272436962,127.85157687562557
2020-09-09,209.1202675586759,198.38360568609454,423.2215278287469,123.12314515676623
2020-09-10,336.76825400678365,300.0709325798864,472.71584627587885,156.85836469961046
2020-09-11,392.22272707656714,314.2918440113873,442.9737852046423,189.85520352519512
2020-09-12,344.23023903227295,270.16321008394385,519.6007977126895,142.90061995025653
2020-09-13,224.1002270715689,206.62782742086682,966.1223987963263,133.79104172850458
2020-09-14,199.4723175372836,189.0552228352133,503.1781244808261,123.87812744068337
2020-09-15,197.11007679330336,188.77347030563715,468.2058390354744,126.06153110331478
2020-09-16,199.55654628027153,187.87559540127532,477.53194178896797,126.08695532702014
2020-09-17,209.50360454082679,196.6158418937935,481.1940805040035,130.09966452488516
2020-09-18,281.7240713564329,264.24088027518894,470.8247528959119,147.60087597046453
2020-09-19,261.90300314259065,220.69778098634143,406.858234534151,121.65253360530602
2020-09-20,199.58863452106755,170.6967284577376,626.4610799131596,111.50377036568386
2020-09-21,188.3546953815091,185.83553084354747,484.66020916028674,129.88835980674182
2020-09-22,202.73974149609435,185.2815956128952,476.0140508112239,129.40512706130036
2020-09-23,230.264747080938,206.51486166337745,476.3611175072871,139.6121259435514
2020-09-24,246.20564696632414,207.87197840056828,483.4452973073455,144.2884109139573
2020-09-25,287.4721606146228,268.9422946607446,473.21873596407784,157.22216319617988
2020-09-26,276.929804039473,222.6649510678109,447.84146726727056,130.15923265797682
2020-09-27,198.2044794738784,157.13684759027385,689.6082896213163,102.38876143835769
2020-09-28,194.592573242688,179.70813024582816,477.0541367101473,129.75132728512716
2020-09-29,198.0112173194421,185.4310122963471,452.793663200358,151.73755562475225
2020-09-30,205.93647825560743,184.32834209116774,469.27525757910485,134.53037272343894
2020-10-01,211.28411444060367,189.6129547903334,483.74555396631746,134.93857431536057
2020-10-02,268.0194506348135,249.05349256426484,475.13438008058273,150.88514577712564
2020-10-03,282.213668651821,216.2761631313826,455.26255311266493,142.62878086826757
2020-10-04,214.37807632897872,159.0748268189134,620.4694879681545,123.86789065192706
2020-10-05,208.59979033752367,192.69385407585244,498.00061162310743,138.68731111502308
2020-10-06,224.05183190951632,205.21700005451063,516.6347262445341,150.1545118773255
2020-10-07,242.6232751124656,216.59641839530025,544.1623764939069,163.86424056546227
2020-10-08,284.68108742771466,250.77562245498981,595.3099358123063,182.76751957354873
2020-10-09,439.8381288255588,408.73945053640983,660.0272357549428,269.52137789110117
2020-10-10,456.2489052070825,385.27751832931375,556.3560556345965,255.2988897617004
2020-10-11,472.40589264296597,327.99342124690355,749.3854342284023,227.8172817057562
2020-10-12,343.69864250912127,266.75618443223635,1264.0690603153707,199.13030005193897
2020-10-13,327.2126421057241,295.8574275841063,749.908516082928,207.40669429506684
2020-10-14,350.69401932573084,310.8673732474232,749.7393878708593,227.87182648481294
2020-10-15,394.78642000057874,344.3097338154483,806.3867241293311,254.51010843666225
2020-10-16,512.5181131138825,439.17432276673884,847.9957358800311,310.99861548920035
2020-10-17,492.53502673738757,358.8222804707577,785.6591837458757,278.18460981763764
2020-10-18,383.35239264835855,270.89309615269275,1061.77652526206,231.01018328341422
2020-10-19,436.2289963644446,386.4239466887919,983.0031419401256,293.9858687047021
2020-10-20,485.91370723305806,425.94096107563786,1035.4065647520163,339.70258635973283
2020-10-21,535.0468929315057,471.946750410609,1126.2876337911766,382.95139839931755
2020-10-22,572.7781550516892,498.6634461945605,1199.5018745474204,373.599866487584
2020-10-23,789.9994509432739,673.4174060264598,1295.118420239549,481.44811161021136
2020-10-24,739.3242543651091,532.9538084463297,1180.5419078589882,404.6621498989026
2020-10-25,580.3972381378389,404.1253071900845,1715.4000827498821,344.2107958782431
2020-10-26,619.7996153849168,540.7687196231809,1445.5699874971817,433.925958464311
2020-10-27,666.2076804340493,582.8226645490342,1483.9432479896338,462.0214206989063
2020-10-28,698.3289769490426,597.3208145477892,1540.5878080135794,446.6801690839874
2020-10-29,794.3331664179865,696.1199391096231,1672.9733978889521,485.26384960322974
2020-10-30,582.0502606267216,538.7506057497243,1258.221490988885,433.52054026984257
2020-10-31,279.1111137593789,229.50848152734534,560.0562373940869,180.21820024266592
2020-11-01,226.16532394761737,160.59472397542163,520.3267790787194,145.27129467717566
2020-11-02,717.1483325104823,602.4151177955533,1704.9634527630915,432.5509139317549
2020-11-03,692.0906764688359,597.241832552255,1557.424433975353,457.67183939601404
2020-11-04,695.5967446558712,556.1811080761893,1525.5615546631564,454.7202334936136
2020-11-05,766.4449339508124,623.8402214962538,1607.3724969335512,466.1015661477892
2020-11-06,525.2807079370015,464.2454369092911,1153.5186611304323,397.96343272229313
2020-11-07,236.4478160275743,184.16884349857534,469.09337535326773,161.50995401387846
2020-11-08,204.5770225331941,149.88945346072182,467.6159055025347,120.28108723718037
2020-11-09,578.5875496564759,519.481015089259,1400.7710076059736,391.8854360570718
2020-11-10,565.0633022763104,499.88041133451486,1280.0295739046035,385.94462074611755
2020-11-11,557.8940824402808,480.12551105095207,1243.2478391643335,371.6574917221302
2020-11-12,598.7199765455719,507.5421073424332,1276.7152751504486,369.04515173442235
2020-11-13,418.78812647792705,376.8127669471135,907.178108210775,304.2675355400122
2020-11-14,201.05149007195368,165.13274687230754,401.7201284411252,141.2932284749124
2020-11-15,162.7254120560807,125.30083796872515,373.48635495128985,102.17414781995085
2020-11-16,419.32112249099384,388.94253173566216,1053.1681194049404,298.8029391520547
2020-11-17,406.9443658584282,362.52263350294095,933.6636567270624,273.7981776093891
2020-11-18,388.7519154165116,345.02957326889236,893.5510962090357,266.80394540004113
2020-11-19,405.62793029671116,355.9457203688139,888.8667968101066,258.5423348458751
2020-11-20,279.26573701162954,266.9631821042302,619.1179029540125,206.8028791116661
2020-11-21,132.8909826932704,115.42748976688242,277.2691962365194,86.8783709263497
2020-11-22,103.18236452047778,83.68535153700284,257.78469011013726,70.66859235450153
2020-11-23,297.08680066544207,284.4062515605361,753.4773155179636,193.99988968726365
2020-11-24,285.4007413098371,262.5690492741093,661.9168300729486,181.532579233302
2020-11-25,261.26775993068696,245.08574018992786,620.4120193107577,170.6544284058146
2020-11-26,258.7593908072968,232.15918121225343,589.7864373328456,164.5090586828198
2020-11-27,206.24211419211855,183.83178208319563,454.23639395597013,133.21879085147503
2020-11-28,91.47162476835007,81.61218604091967,194.20499590441295,52.83000153198826
2020-11-29,81.91846342628898,63.54025740133638,193.91225330418476,46.72189206532265
2020-11-30,221.01147898557596,201.7547236872256,549.2811494344911,125.34114177030902
2020-12-01,223.83010073294494,198.45585086160474,508.10406773701186,125.58494423785551
2020-12-02,202.28426783318534,189.5050978318776,491.2352342961736,118.3598218956793
2020-12-03,246.0775418303324,208.82518163328209,513.176650745545,130.31081381213775
2020-12-04,166.84243989941913,160.26738030348025,392.0105099886817,104.78383722485903
2020-12-05,83.60579576351633,73.04506752815553,177.41372078589384,49.11828871749595
2020-12-06,64.46806418344593,54.34859378400211,150.19608933737135,36.87396434492894
2020-12-07,236.5823158116303,186.05665096744943,501.90075019710474,102.07833108586857
2020-12-08,146.19684580002328,104.96900095454735,438.1036837112513,75.856159468189
2020-12-09,184.04289430430052,169.3072717921786,514.0267728953829,106.5877286503985
2020-12-10,200.10595740420484,183.1510339194004,519.0266393254261,111.65350245313765
2020-12-11,168.35643064444525,160.0751567673551,429.4956231186153,98.5156917417518
2020-12-12,88.31056009721415,80.33936643594235,213.6460218728648,46.97502650608285
2020-12-13,79.0075554427021,66.33153832474467,211.08812762445726,39.066007985372735
2020-12-14,216.24261949190998,194.83150537625642,587.2070849218125,112.71054261494706
2020-12-15,223.11967251263502,206.69529487132058,589.7205350207684,117.52662635165343
2020-12-16,228.84865629125446,216.9752329076068,629.2818465457697,116.29782017686522
2020-12-17,257.77615645805946,239.6709102106278,692.6331609388327,131.83729853053714
2020-12-18,219.8740464650744,207.26820999354564,570.7370034735021,111.79357380517875
2020-12-19,133.2287854429258,116.30400976232022,321.340889096339,57.726520836238
2020-12-20,111.13949218471755,88.81929508799853,306.4954237955298,47.31370104807966
2020-12-21,260.84848712731826,242.16238231508177,686.6759340531419,130.1064873596378
2020-12-22,281.1712427258106,251.59144281600783,699.684144768597,144.33452428830225
2020-12-23,292.92881339363896,259.0961153270466,715.7098359673971,150.00679782609706
2020-12-24,258.01580336366663,226.76704455937693,565.9110187883014,129.31455160412364
2020-12-25,173.84048919187728,138.60538503810656,360.4034214082516,76.84764065053278
2020-12-26,193.7114952543367,147.77015714040436,405.28108381033513,84.10374802583252
2020-12-27,173.72772703444696,132.83304760632345,458.2154409867551,91.11233620667564
2020-12-28,283.1417314583661,239.61238261018016,654.8816637828198,147.56403569832867
2020-12-29,288.6889819239671,245.01825854883728,665.4552482099452,144.68479511998507
2020-12-30,312.49759432964913,273.31908903794505,705.8372139990358,167.44666162720415
2020-12-31,344.495312357941,270.5236478485553,596.8539179794234,167.13647417819737
2021-01-01,193.92906841528412,137.39471449168997,377.09415542977735,89.53246253236837
2021-01-02,235.04913757886968,190.47622287176864,525.2542593116743,118.26458429651997
2021-01-03,198.8220884345412,160.65077053492865,618.189064982298,107.47301750141537
2021-01-04,339.5422962925606,304.1896141153608,811.0409269955277,178.16733403325284
2021-01-05,367.46472212341774,336.612871351964,806.2281975158418,183.50329081968175
2021-01-06,268.57672143407177,215.44973950113672,631.7200980375355,117.74807208786108
2021-01-07,314.54053263584456,293.9201913548206,722.6205972291615,162.73579943100478
2021-01-08,350.9824592653025,335.3609584714445,727.9711430838897,180.19342115752028
2021-01-09,197.51643221579405,160.71836662247767,362.8624312660401,57.39021153698014
2021-01-10,168.81323795478306,134.8205480996421,431.8123387417446,64.27071615439667
2021-01-11,421.7072599576711,395.955616930859,916.8164138611311,189.85732024855116
2021-01-12,450.7066549570863,431.5774729208601,937.5116129001084,221.21738623255925
2021-01-13,465.4819782506776,461.0704820964853,975.1844353309374,229.20622386426882
2021-01-14,494.91282869361464,484.776562562074,1010.14154274524,240.68107701169777
2021-01-15,508.33491330591823,489.65391295271746,982.5291399726284,262.17017080103835
2021-01-16,267.312803357147,247.80465036153856,477.815133370514,112.78825999905824
2021-01-17,213.70244463962388,194.9952692540281,485.77481402714346,95.9824020647019
2021-01-18,519.3622106637445,533.0316311755541,1073.6187318872744,273.87004385286093
2021-01-19,526.1257964621944,540.5458776839217,1072.5466584965302,281.1269429728283
2021-01-20,526.033546443796,562.7869359110256,1132.4362364841766,282.87800898560835
2021-01-21,541.5329536095803,580.6145820610291,1140.0756267340428,284.9912292830966
2021-01-22,523.6337055657787,541.282109110219,1012.7064209471316,275.7940610903055
2021-01-23,273.4418496095671,257.4238881370661,469.61381026812927,127.68162592856936
2021-01-24,227.6411586104535,186.62355773742675,503.30918403646314,107.57252651547218
2021-01-25,490.8287153813367,520.5166882779691,1044.6980337459418,252.07518753835734
2021-01-26,488.6772077685475,534.9099336922164,1043.2988375263628,271.488352170721
2021-01-27,479.71096081831,516.673625699228,1006.0355655405518,256.2553001336903
2021-01-28,480.17091656981796,508.102714253296,1009.9424923705133,264.4329796610313
2021-01-29,475.34756712103984,502.5520154801797,904.1752059013662,241.081177710715
2021-01-30,240.34471627733294,238.0365558161001,435.1245713167102,111.4226066350972
2021-01-31,199.0797166574989,164.0372606329821,461.6352679329124,90.18313562616554
2021-02-01,422.35942313565874,438.93831314470316,888.5677807536176,223.19015192116495
2021-02-02,426.74809671709784,444.6213991095178,871.5875617446238,224.78214112449749
2021-02-03,399.0195896570396,406.46768081006473,818.3484498310029,218.91509301757804
2021-02-04,394.49152521609665,404.8807012597421,811.8240707584183,210.80086087993632
2021-02-05,376.326293739168,389.27547804528626,704.9411139096113,202.21850071920193
2021-02-06,192.4615381150469,182.8169218385739,334.4765242114601,85.74042323959175
2021-02-07,138.65474999629294,138.27297615957124,330.70447958078324,73.1275372981417
2021-02-08,317.33823741394434,324.38616446303314,664.4302248600599,169.20716832460903
2021-02-09,326.7592989835111,310.1127626514928,632.5654335232603,159.18954973827454
2021-02-10,316.2187687366258,287.44568212888527,602.0992787268266,157.03986051445503
2021-02-11,303.5444456149569,283.91457888500554,592.8718480108212,150.6244609250275
2021-02-12,285.30057520050076,265.85359646492583,520.156384157148,146.51628718466955
2021-02-13,173.70746056998829,140.8595842548629,291.49694972242725,72.81839485729914
2021-02-14,135.2078580080881,103.12601088853465,288.142790559612,62.786531786431816
2021-02-15,231.3444865226064,215.4450521408476,472.4001323075572,116.5647257194665
2021-02-16,230.81047713037574,214.7888035601671,444.57118737079327,115.24252134322175
2021-02-17,230.83154668945943,201.7989766439254,435.1154794943329,113.35384022110269
2021-02-18,223.85679526175144,199.70591101447522,418.1555690145417,111.6554416958435
2021-02-19,227.98693221127408,187.52805760754387,382.85736189136844,104.50077130844497
2021-02-20,135.64683915774617,100.28723421496274,211.0206247794888,57.759248348325904
2021-02-21,101.65572886615702,69.34921021026287,215.2044039232479,44.77669242049212
2021-02-23,190.39013873155983,166.49491212820138,341.8915281847808,93.39001176997462
2021-02-24,192.5274686939605,160.50576600201794,342.8928360216396,89.33339708662744
2021-02-25,190.4195137532608,163.87801388171485,342.80212512755554,96.80886432675715
2021-02-26,202.37128572951028,167.80348974766565,325.7985281375845,98.88450226583045
2021-02-27,127.26010451592282,92.45375253803779,184.5739438173733,53.74967230312115
2021-02-28,97.17685380150297,61.911960266299666,190.70731788966057,43.15847111582222
2021-03-01,169.47309840942034,135.62747792479323,307.282287772243,85.88497780922494
2021-03-02,171.83173046616898,139.99538657449577,296.52763428975493,86.84380896485453
2021-03-03,168.79194158653686,132.92738044138085,290.4668560458367,87.3564045334349
2021-03-04,170.24509718381802,137.27026297773017,289.2819494883831,85.85376455763601
2021-03-05,183.56976864971605,150.8605221511902,281.40835226331933,92.27124251718449
2021-03-06,113.70984248295484,81.57109887040802,163.96991648378994,50.240782537519635
2021-03-07,88.58782929378123,57.572203242980216,175.96289224622325,43.38378190323052
2021-03-08,146.71241512700573,113.5463747930329,252.83779090990984,75.44963507787142
2021-03-09,151.5130167808704,118.93091618255588,256.7640229151789,79.61676963106663
2021-03-10,157.73992214107253,124.40616726992167,267.95846608559515,79.1808278408751
2021-03-11,157.58907376323924,124.19567965835593,265.61792958683236,79.01169615195548
2021-03-12,162.44941681928714,131.5361562221607,249.96500471474076,84.9311746227848
2021-03-13,105.31742350168247,75.39748092661685,148.5226056466344,45.11923832959033
2021-03-14,81.9741381562824,54.42112206203853,164.72700388613376,34.544397310452204
2021-03-15,162.62569028159183,118.74904785419001,278.59465176336363,74.9215704671134
2021-03-16,163.6354625364705,124.63170739690766,279.6493836473227,77.57132243005782
2021-03-17,166.06984124442678,123.41106253876329,286.9464490183175,75.8065996068546
2021-03-18,167.46815402877766,131.4981044877097,294.24531198440985,75.87198420404059
2021-03-19,212.78793529477215,150.19520990949619,282.88361835109345,92.46502380340512
